<elements>
  <namespace ns="">
    <summary>To be added.</summary>
    <remarks>To be added.</remarks>
  </namespace>
  <namespace ns="MonoMac.AVFoundation">
    <summary>To be added.</summary>
    <remarks>To be added.</remarks>
  </namespace>
  <namespace ns="MonoMac.AVKit">
    <summary>To be added.</summary>
    <remarks>To be added.</remarks>
  </namespace>
  <namespace ns="MonoMac.Accelerate">
    <summary>To be added.</summary>
    <remarks>To be added.</remarks>
  </namespace>
  <namespace ns="MonoMac.Accounts">
    <summary>To be added.</summary>
    <remarks>To be added.</remarks>
  </namespace>
  <namespace ns="MonoMac.AddressBook">
    <summary>Access to the operating system addressbook.</summary>
    <remarks></remarks>
  </namespace>
  <namespace ns="MonoMac.AppKit">
    <summary>Main namespace for creating Mac native user interfaces.</summary>
    <remarks></remarks>
  </namespace>
  <namespace ns="MonoMac.AudioToolbox">
    <summary>Bindings to the low-level AudioToolbox APIs</summary>
    <remarks>To be added.</remarks>
  </namespace>
  <namespace ns="MonoMac.AudioUnit">
    <summary>Bindings to use AudioUnits in OSX.</summary>
    <remarks>To be added.</remarks>
  </namespace>
  <namespace ns="MonoMac.AudioUnitWrapper">
    <summary>To be added.</summary>
    <remarks>To be added.</remarks>
  </namespace>
  <namespace ns="MonoMac.CloudKit">
    <summary>To be added.</summary>
    <remarks>To be added.</remarks>
  </namespace>
  <namespace ns="MonoMac.CoreAnimation">
    <summary>Bindings to CoreAnimation, the animation and rendering layer framework in OSX.</summary>
    <remarks>To be added.</remarks>
  </namespace>
  <namespace ns="MonoMac.CoreBluetooth">
    <summary>To be added.</summary>
    <remarks>To be added.</remarks>
  </namespace>
  <namespace ns="MonoMac.CoreData">
    <summary>Bindings to the database access layer CoreData.</summary>
    <remarks>To be added.</remarks>
  </namespace>
  <namespace ns="MonoMac.CoreFoundation">
    <summary>Bindings to the low-level C-API CoreFoundation.</summary>
    <remarks>To be added.</remarks>
  </namespace>
  <namespace ns="MonoMac.CoreGraphics">
    <summary>Bindings to the 2D graphics API CoreGraphics.</summary>
    <remarks>To be added.</remarks>
  </namespace>
  <namespace ns="MonoMac.CoreImage">
    <summary>Bindings to the image processing API CoreImage.</summary>
    <remarks>To be added.</remarks>
  </namespace>
  <namespace ns="MonoMac.CoreLocation">
    <summary>Bindings to the location/GPS API: CoreLocation.</summary>
    <remarks>To be added.</remarks>
  </namespace>
  <namespace ns="MonoMac.CoreMedia">
    <summary>To be added.</summary>
    <remarks>To be added.</remarks>
  </namespace>
  <namespace ns="MonoMac.CoreMidi">
    <summary>To be added.</summary>
    <remarks>To be added.</remarks>
  </namespace>
  <namespace ns="MonoMac.CoreServices">
    <summary>To be added.</summary>
    <remarks>To be added.</remarks>
  </namespace>
  <namespace ns="MonoMac.CoreText">
    <summary>Access to the text typesetting APIs.</summary>
    <remarks>To be added.</remarks>
  </namespace>
  <namespace ns="MonoMac.CoreVideo">
    <summary>Bindings to the CoreVideo APIs.</summary>
    <remarks>To be added.</remarks>
  </namespace>
  <namespace ns="MonoMac.CoreWlan">
    <summary>To be added.</summary>
    <remarks>To be added.</remarks>
  </namespace>
  <namespace ns="MonoMac.Darwin">
    <summary>To be added.</summary>
    <remarks>To be added.</remarks>
  </namespace>
  <namespace ns="MonoMac.EventKit">
    <summary>To be added.</summary>
    <remarks>To be added.</remarks>
  </namespace>
  <namespace ns="MonoMac.Foundation">
    <summary>The foundation for MonoMac bindings.   Contains NSObject and other Foundation types.</summary>
    <remarks>To be added.</remarks>
  </namespace>
  <namespace ns="MonoMac.GameController">
    <summary>To be added.</summary>
    <remarks>To be added.</remarks>
  </namespace>
  <namespace ns="MonoMac.GameKit">
    <summary>To be added.</summary>
    <remarks>To be added.</remarks>
  </namespace>
  <namespace ns="MonoMac.GameplayKit">
    <summary>To be added.</summary>
    <remarks>To be added.</remarks>
  </namespace>
  <namespace ns="MonoMac.Growl">
    <summary>To be added.</summary>
    <remarks>To be added.</remarks>
  </namespace>
  <namespace ns="MonoMac.ImageIO">
    <summary>Image loader API.</summary>
    <remarks>To be added.</remarks>
  </namespace>
  <namespace ns="MonoMac.ImageKit">
    <summary>To be added.</summary>
    <remarks>To be added.</remarks>
  </namespace>
  <namespace ns="MonoMac.LocalAuthentication">
    <summary>To be added.</summary>
    <remarks>To be added.</remarks>
  </namespace>
  <namespace ns="MonoMac.MapKit">
    <summary>To be added.</summary>
    <remarks>To be added.</remarks>
  </namespace>
  <namespace ns="MonoMac.MediaAccessibility">
    <summary>To be added.</summary>
    <remarks>To be added.</remarks>
  </namespace>
  <namespace ns="MonoMac.MediaToolbox">
    <summary>To be added.</summary>
    <remarks>To be added.</remarks>
  </namespace>
  <namespace ns="MonoMac.MobileCoreServices">
    <summary>To be added.</summary>
    <remarks>To be added.</remarks>
  </namespace>
  <namespace ns="MonoMac.NetworkExtension">
    <summary>To be added.</summary>
    <remarks>To be added.</remarks>
  </namespace>
  <namespace ns="MonoMac.ObjCRuntime">
    <summary>Low-level access to the Objective-C runtime from C# or other .NET languages.</summary>
    <remarks>To be added.</remarks>
  </namespace>
  <namespace ns="MonoMac.OpenAL">
    <summary>To be added.</summary>
    <remarks>To be added.</remarks>
  </namespace>
  <namespace ns="MonoMac.OpenGL">
    <summary>To be added.</summary>
    <remarks>To be added.</remarks>
  </namespace>
  <namespace ns="MonoMac.PdfKit">
    <summary>To be added.</summary>
    <remarks>To be added.</remarks>
  </namespace>
  <namespace ns="MonoMac.QTKit">
    <summary>Bindings to the QuickTime video, audio, recording, playback and manipulation APIs. </summary>
    <remarks>To be added.</remarks>
  </namespace>
  <namespace ns="MonoMac.QuartzComposer">
    <summary>To be added.</summary>
    <remarks>To be added.</remarks>
  </namespace>
  <namespace ns="MonoMac.QuickLook">
    <summary>To be added.</summary>
    <remarks>To be added.</remarks>
  </namespace>
  <namespace ns="MonoMac.QuickLookUI">
    <summary>To be added.</summary>
    <remarks>To be added.</remarks>
  </namespace>
  <namespace ns="MonoMac.SceneKit">
    <summary>To be added.</summary>
    <remarks>To be added.</remarks>
  </namespace>
  <namespace ns="MonoMac.ScriptingBridge">
    <summary>To be added.</summary>
    <remarks>To be added.</remarks>
  </namespace>
  <namespace ns="MonoMac.SearchKit">
    <summary>To be added.</summary>
    <remarks>To be added.</remarks>
  </namespace>
  <namespace ns="MonoMac.Security">
    <summary>Access to the Mac KeyChain.</summary>
    <remarks>To be added.</remarks>
  </namespace>
  <namespace ns="MonoMac.Social">
    <summary>To be added.</summary>
    <remarks>To be added.</remarks>
  </namespace>
  <namespace ns="MonoMac.SpriteKit">
    <summary>To be added.</summary>
    <remarks>To be added.</remarks>
  </namespace>
  <namespace ns="MonoMac.StoreKit">
    <summary>To be added.</summary>
    <remarks>To be added.</remarks>
  </namespace>
  <namespace ns="MonoMac.SystemConfiguration">
    <summary>To be added.</summary>
    <remarks>To be added.</remarks>
  </namespace>
  <namespace ns="MonoMac.VideoToolbox">
    <summary>To be added.</summary>
    <remarks>To be added.</remarks>
  </namespace>
  <namespace ns="MonoMac.WebKit">
    <summary>Bindings to the WebKit views for embedding as NSViews in your application.</summary>
    <remarks>To be added.</remarks>
  </namespace>
  <namespace ns="MonoMac">
    <summary>To be added.</summary>
    <remarks>To be added.</remarks>
  </namespace>
  <namespace ns="MonoTouch.GameController">
    <summary>To be added.</summary>
    <remarks>To be added.</remarks>
  </namespace>
  <namespace ns="System.Drawing">
    <summary>Basic System.Drawing types used by MonoMac</summary>
    <remarks>To be added.</remarks>
  </namespace>
</elements>